CustomerID,InteractionID,InteractionDate,InteractionType,ResolutionStatus
1,6363,2022-03-31 00:00:00,Inquiry,Resolved
2,3329,2022-03-17 00:00:00,Inquiry,Resolved
3,9976,2022-08-24 00:00:00,Inquiry,Resolved
4,7354,2022-11-18 00:00:00,Inquiry,Resolved
4,5393,2022-07-03 00:00:00,Inquiry,Unresolved
6,2358,2022-05-05 00:00:00,Feedback,Resolved
8,4191,2022-04-29 00:00:00,Inquiry,Unresolved
8,8937,2022-09-13 00:00:00,Feedback,Unresolved
9,7813,2022-08-15 00:00:00,Inquiry,Resolved
11,6610,2022-10-28 00:00:00,Feedback,Resolved
11,7511,2022-01-26 00:00:00,Feedback,Unresolved
12,8485,2022-11-29 00:00:00,Feedback,Resolved
12,7872,2022-01-12 00:00:00,Inquiry,Unresolved
13,9681,2022-07-27 00:00:00,Complaint,Resolved
14,4459,2022-07-25 00:00:00,Complaint,Unresolved
14,8823,2022-07-29 00:00:00,Feedback,Resolved
15,6644,2022-10-18 00:00:00,Feedback,Unresolved
15,3914,2022-02-04 00:00:00,Complaint,Unresolved
16,5761,2022-06-30 00:00:00,Inquiry,Resolved
16,9278,2022-09-08 00:00:00,Inquiry,Resolved
17,2246,2022-05-11 00:00:00,Inquiry,Unresolved
17,7540,2022-05-06 00:00:00,Inquiry,Resolved
18,9487,2022-11-08 00:00:00,Inquiry,Unresolved
19,9979,2022-11-28 00:00:00,Complaint,Unresolved
19,8180,2022-04-18 00:00:00,Complaint,Unresolved
20,9094,2022-07-19 00:00:00,Feedback,Resolved
22,2931,2022-01-07 00:00:00,Inquiry,Resolved
22,6355,2022-08-06 00:00:00,Inquiry,Resolved
23,4991,2022-03-18 00:00:00,Complaint,Unresolved
23,6401,2022-02-23 00:00:00,Complaint,Resolved
24,2733,2022-11-02 00:00:00,Complaint,Resolved
25,8432,2022-12-06 00:00:00,Feedback,Resolved
26,3912,2022-12-12 00:00:00,Complaint,Resolved
27,9414,2022-06-13 00:00:00,Feedback,Unresolved
28,4174,2022-04-14 00:00:00,Complaint,Unresolved
28,2029,2022-12-01 00:00:00,Inquiry,Unresolved
29,8538,2022-09-13 00:00:00,Inquiry,Resolved
29,3691,2022-04-14 00:00:00,Feedback,Unresolved
30,3289,2022-04-04 00:00:00,Complaint,Resolved
30,4606,2022-10-16 00:00:00,Complaint,Unresolved
31,6635,2022-06-18 00:00:00,Inquiry,Resolved
31,5130,2022-05-09 00:00:00,Complaint,Resolved
33,8219,2022-05-30 00:00:00,Feedback,Resolved
34,7853,2022-07-02 00:00:00,Feedback,Resolved
34,5032,2022-05-19 00:00:00,Feedback,Unresolved
35,6454,2022-07-07 00:00:00,Complaint,Unresolved
36,4092,2022-10-28 00:00:00,Feedback,Resolved
37,9496,2022-03-20 00:00:00,Complaint,Resolved
38,5906,2022-03-25 00:00:00,Inquiry,Resolved
40,7375,2022-11-23 00:00:00,Complaint,Resolved
41,5924,2022-02-26 00:00:00,Inquiry,Unresolved
43,4688,2022-04-01 00:00:00,Inquiry,Unresolved
43,2976,2022-11-16 00:00:00,Inquiry,Resolved
44,5996,2022-04-18 00:00:00,Feedback,Unresolved
45,7946,2022-06-25 00:00:00,Complaint,Unresolved
50,8594,2022-02-27 00:00:00,Complaint,Unresolved
50,3511,2022-11-03 00:00:00,Feedback,Unresolved
54,7895,2022-01-12 00:00:00,Feedback,Resolved
54,9831,2022-11-21 00:00:00,Complaint,Resolved
57,3525,2022-12-07 00:00:00,Complaint,Unresolved
58,5295,2022-07-17 00:00:00,Inquiry,Unresolved
58,4341,2022-01-21 00:00:00,Complaint,Unresolved
60,6180,2022-06-08 00:00:00,Feedback,Resolved
60,9473,2022-03-27 00:00:00,Feedback,Unresolved
61,4959,2022-04-10 00:00:00,Complaint,Resolved
62,9191,2022-12-27 00:00:00,Inquiry,Resolved
62,5275,2022-03-02 00:00:00,Complaint,Resolved
67,2826,2022-04-29 00:00:00,Inquiry,Resolved
67,8888,2022-05-21 00:00:00,Inquiry,Resolved
68,6970,2022-06-06 00:00:00,Complaint,Unresolved
68,9825,2022-01-26 00:00:00,Inquiry,Unresolved
69,2127,2022-10-05 00:00:00,Feedback,Resolved
71,7774,2022-01-21 00:00:00,Inquiry,Unresolved
71,8178,2022-04-13 00:00:00,Feedback,Resolved
72,4838,2022-01-08 00:00:00,Complaint,Unresolved
72,8975,2022-01-02 00:00:00,Complaint,Resolved
73,4011,2022-08-15 00:00:00,Inquiry,Resolved
74,7342,2022-03-02 00:00:00,Complaint,Resolved
75,7751,2022-08-21 00:00:00,Inquiry,Resolved
76,2857,2022-11-18 00:00:00,Inquiry,Resolved
76,8428,2022-11-01 00:00:00,Complaint,Unresolved
78,6946,2022-11-23 00:00:00,Inquiry,Unresolved
79,4328,2022-01-28 00:00:00,Complaint,Resolved
83,9746,2022-03-21 00:00:00,Feedback,Unresolved
83,5867,2022-04-22 00:00:00,Feedback,Unresolved
87,6132,2022-12-10 00:00:00,Inquiry,Resolved
87,7449,2022-03-01 00:00:00,Complaint,Unresolved
90,7718,2022-09-04 00:00:00,Inquiry,Resolved
91,3852,2022-05-24 00:00:00,Inquiry,Unresolved
91,8238,2022-01-14 00:00:00,Feedback,Resolved
92,7698,2022-10-06 00:00:00,Feedback,Unresolved
92,6988,2022-03-28 00:00:00,Inquiry,Resolved
93,9266,2022-04-07 00:00:00,Complaint,Resolved
93,2922,2022-10-07 00:00:00,Complaint,Resolved
95,5828,2022-07-30 00:00:00,Complaint,Resolved
96,5701,2022-01-26 00:00:00,Complaint,Unresolved
96,8412,2022-02-20 00:00:00,Complaint,Unresolved
97,5336,2022-04-16 00:00:00,Inquiry,Resolved
97,8734,2022-08-11 00:00:00,Complaint,Resolved
98,7770,2022-11-28 00:00:00,Feedback,Resolved
100,6015,2022-02-03 00:00:00,Feedback,Resolved
100,9923,2022-12-01 00:00:00,Complaint,Resolved
101,8080,2022-10-21 00:00:00,Feedback,Unresolved
101,8740,2022-05-07 00:00:00,Inquiry,Resolved
102,7740,2022-10-30 00:00:00,Feedback,Resolved
102,9363,2022-09-03 00:00:00,Complaint,Unresolved
103,4829,2022-09-27 00:00:00,Feedback,Resolved
103,9008,2022-12-25 00:00:00,Feedback,Resolved
104,4863,2022-04-22 00:00:00,Inquiry,Unresolved
104,4455,2022-01-03 00:00:00,Inquiry,Resolved
105,2978,2022-10-16 00:00:00,Inquiry,Unresolved
105,3694,2022-06-08 00:00:00,Inquiry,Unresolved
106,4817,2022-05-03 00:00:00,Complaint,Unresolved
106,4530,2022-05-21 00:00:00,Inquiry,Resolved
108,3662,2022-07-20 00:00:00,Feedback,Unresolved
108,4622,2022-11-13 00:00:00,Inquiry,Unresolved
109,5524,2022-05-14 00:00:00,Inquiry,Unresolved
109,5828,2022-12-11 00:00:00,Complaint,Unresolved
110,3216,2022-08-08 00:00:00,Inquiry,Resolved
110,6525,2022-12-05 00:00:00,Feedback,Resolved
111,8650,2022-03-05 00:00:00,Inquiry,Unresolved
112,8229,2022-03-09 00:00:00,Inquiry,Resolved
113,7298,2022-08-16 00:00:00,Complaint,Unresolved
116,3200,2022-05-26 00:00:00,Complaint,Resolved
118,4052,2022-02-02 00:00:00,Inquiry,Unresolved
119,3991,2022-01-19 00:00:00,Complaint,Resolved
119,3986,2022-02-26 00:00:00,Feedback,Resolved
120,6920,2022-05-25 00:00:00,Feedback,Unresolved
120,3817,2022-11-07 00:00:00,Complaint,Resolved
121,9255,2022-12-06 00:00:00,Complaint,Unresolved
121,8238,2022-04-08 00:00:00,Complaint,Resolved
122,2723,2022-04-01 00:00:00,Feedback,Resolved
123,7104,2022-08-17 00:00:00,Inquiry,Resolved
123,4351,2022-11-11 00:00:00,Inquiry,Resolved
124,5299,2022-12-25 00:00:00,Feedback,Resolved
124,6920,2022-12-04 00:00:00,Inquiry,Resolved
127,2493,2022-04-28 00:00:00,Feedback,Resolved
128,8780,2022-06-02 00:00:00,Complaint,Resolved
128,9671,2022-08-17 00:00:00,Complaint,Unresolved
129,6991,2022-05-10 00:00:00,Inquiry,Resolved
130,8482,2022-09-06 00:00:00,Feedback,Unresolved
131,4112,2022-12-03 00:00:00,Inquiry,Resolved
133,2039,2022-08-12 00:00:00,Inquiry,Resolved
134,8616,2022-04-26 00:00:00,Inquiry,Unresolved
138,8812,2022-02-28 00:00:00,Inquiry,Unresolved
139,3558,2022-03-19 00:00:00,Feedback,Resolved
139,9257,2022-07-18 00:00:00,Inquiry,Unresolved
140,3028,2022-04-27 00:00:00,Feedback,Resolved
141,9304,2022-05-23 00:00:00,Complaint,Resolved
141,8929,2022-01-29 00:00:00,Complaint,Resolved
142,3619,2022-03-04 00:00:00,Feedback,Unresolved
143,7823,2022-12-07 00:00:00,Inquiry,Resolved
144,7937,2022-07-15 00:00:00,Inquiry,Resolved
145,3367,2022-10-02 00:00:00,Complaint,Unresolved
145,7804,2022-10-27 00:00:00,Feedback,Unresolved
147,7815,2022-06-21 00:00:00,Complaint,Unresolved
147,4454,2022-11-19 00:00:00,Feedback,Resolved
148,5013,2022-03-21 00:00:00,Inquiry,Unresolved
148,5034,2022-06-12 00:00:00,Complaint,Resolved
149,8121,2022-03-15 00:00:00,Complaint,Resolved
151,6378,2022-10-21 00:00:00,Feedback,Unresolved
151,5962,2022-11-21 00:00:00,Inquiry,Resolved
153,8112,2022-08-04 00:00:00,Complaint,Unresolved
155,7261,2022-09-17 00:00:00,Complaint,Resolved
155,9291,2022-11-24 00:00:00,Complaint,Resolved
159,7740,2022-04-02 00:00:00,Complaint,Unresolved
159,6253,2022-04-12 00:00:00,Inquiry,Unresolved
160,8843,2022-02-18 00:00:00,Inquiry,Unresolved
160,5590,2022-07-19 00:00:00,Complaint,Resolved
161,2424,2022-06-26 00:00:00,Complaint,Unresolved
162,4723,2022-08-03 00:00:00,Feedback,Unresolved
162,5523,2022-11-27 00:00:00,Complaint,Resolved
163,3288,2022-03-04 00:00:00,Feedback,Resolved
163,6272,2022-10-15 00:00:00,Inquiry,Unresolved
164,3470,2022-12-06 00:00:00,Feedback,Resolved
166,7587,2022-11-12 00:00:00,Feedback,Resolved
167,8076,2022-12-04 00:00:00,Feedback,Resolved
168,6346,2022-09-16 00:00:00,Complaint,Unresolved
168,7928,2022-04-24 00:00:00,Complaint,Resolved
169,7811,2022-07-09 00:00:00,Inquiry,Unresolved
170,8380,2022-01-05 00:00:00,Inquiry,Unresolved
171,6649,2022-09-16 00:00:00,Feedback,Resolved
172,2760,2022-01-26 00:00:00,Complaint,Unresolved
172,7078,2022-07-01 00:00:00,Inquiry,Resolved
173,2218,2022-11-14 00:00:00,Inquiry,Resolved
174,3144,2022-03-30 00:00:00,Complaint,Unresolved
175,6976,2022-01-24 00:00:00,Inquiry,Resolved
175,9904,2022-03-20 00:00:00,Inquiry,Unresolved
177,8684,2022-02-09 00:00:00,Inquiry,Unresolved
182,4508,2022-08-30 00:00:00,Inquiry,Resolved
182,2805,2022-11-25 00:00:00,Inquiry,Resolved
183,4856,2022-02-03 00:00:00,Inquiry,Resolved
185,4063,2022-10-22 00:00:00,Complaint,Resolved
185,5937,2022-04-14 00:00:00,Inquiry,Resolved
187,2619,2022-11-17 00:00:00,Complaint,Resolved
187,8439,2022-08-21 00:00:00,Feedback,Resolved
188,6012,2022-01-04 00:00:00,Inquiry,Unresolved
188,4802,2022-09-13 00:00:00,Feedback,Resolved
189,6689,2022-09-03 00:00:00,Inquiry,Unresolved
189,8963,2022-03-21 00:00:00,Feedback,Resolved
190,6980,2022-06-08 00:00:00,Inquiry,Unresolved
191,8422,2022-03-29 00:00:00,Inquiry,Unresolved
191,4119,2022-01-18 00:00:00,Feedback,Resolved
192,8017,2022-11-26 00:00:00,Complaint,Unresolved
192,5018,2022-04-04 00:00:00,Feedback,Resolved
193,2699,2022-10-16 00:00:00,Inquiry,Unresolved
193,5725,2022-10-05 00:00:00,Feedback,Resolved
195,5708,2022-08-25 00:00:00,Feedback,Resolved
195,4327,2022-09-16 00:00:00,Inquiry,Unresolved
196,7851,2022-01-26 00:00:00,Complaint,Unresolved
196,3155,2022-04-27 00:00:00,Inquiry,Unresolved
197,9159,2022-07-15 00:00:00,Inquiry,Unresolved
197,9411,2022-03-15 00:00:00,Complaint,Resolved
199,9349,2022-04-01 00:00:00,Complaint,Unresolved
199,3639,2022-11-16 00:00:00,Feedback,Resolved
200,9678,2022-04-11 00:00:00,Complaint,Resolved
200,4226,2022-11-16 00:00:00,Inquiry,Resolved
201,5856,2022-08-21 00:00:00,Feedback,Unresolved
201,3875,2022-03-26 00:00:00,Inquiry,Resolved
202,8000,2022-07-19 00:00:00,Inquiry,Resolved
202,2886,2022-09-14 00:00:00,Feedback,Resolved
203,3069,2022-07-23 00:00:00,Complaint,Resolved
203,5895,2022-08-28 00:00:00,Complaint,Resolved
204,6838,2022-03-29 00:00:00,Feedback,Unresolved
204,6534,2022-07-07 00:00:00,Feedback,Resolved
212,9483,2022-11-01 00:00:00,Feedback,Resolved
213,2422,2022-01-13 00:00:00,Complaint,Resolved
215,5360,2022-10-24 00:00:00,Complaint,Unresolved
215,3223,2022-11-24 00:00:00,Inquiry,Unresolved
216,6378,2022-09-20 00:00:00,Feedback,Resolved
216,2510,2022-12-13 00:00:00,Feedback,Resolved
217,6798,2022-04-03 00:00:00,Feedback,Unresolved
221,8943,2022-05-21 00:00:00,Complaint,Resolved
223,6254,2022-08-21 00:00:00,Inquiry,Resolved
225,2585,2022-01-14 00:00:00,Feedback,Unresolved
225,2241,2022-05-11 00:00:00,Feedback,Resolved
226,6208,2022-01-21 00:00:00,Feedback,Unresolved
228,4403,2022-08-04 00:00:00,Inquiry,Unresolved
228,5711,2022-07-11 00:00:00,Feedback,Resolved
229,5875,2022-08-12 00:00:00,Inquiry,Unresolved
230,9131,2022-09-09 00:00:00,Complaint,Unresolved
230,4772,2022-02-11 00:00:00,Complaint,Resolved
232,5340,2022-03-16 00:00:00,Feedback,Unresolved
232,2718,2022-11-24 00:00:00,Feedback,Unresolved
233,6203,2022-09-20 00:00:00,Inquiry,Resolved
233,7230,2022-10-09 00:00:00,Inquiry,Resolved
235,4938,2022-02-24 00:00:00,Feedback,Unresolved
235,6706,2022-07-11 00:00:00,Feedback,Unresolved
236,4973,2022-01-08 00:00:00,Feedback,Resolved
236,6982,2022-07-08 00:00:00,Complaint,Resolved
238,5806,2022-07-07 00:00:00,Inquiry,Unresolved
239,6086,2022-11-05 00:00:00,Complaint,Unresolved
240,7609,2022-03-24 00:00:00,Complaint,Resolved
241,4335,2022-05-29 00:00:00,Complaint,Resolved
242,8216,2022-09-24 00:00:00,Feedback,Resolved
242,2632,2022-05-30 00:00:00,Complaint,Unresolved
243,3059,2022-12-18 00:00:00,Inquiry,Unresolved
244,2046,2022-09-10 00:00:00,Complaint,Unresolved
244,7082,2022-03-15 00:00:00,Complaint,Unresolved
246,2590,2022-09-30 00:00:00,Inquiry,Resolved
247,2016,2022-02-23 00:00:00,Feedback,Resolved
247,5434,2022-10-23 00:00:00,Complaint,Resolved
248,9511,2022-06-26 00:00:00,Complaint,Unresolved
249,7243,2022-01-13 00:00:00,Complaint,Unresolved
250,9779,2022-04-15 00:00:00,Inquiry,Resolved
251,7921,2022-10-13 00:00:00,Complaint,Resolved
253,7241,2022-07-22 00:00:00,Complaint,Resolved
254,7813,2022-07-12 00:00:00,Complaint,Unresolved
254,7136,2022-07-28 00:00:00,Inquiry,Resolved
255,3218,2022-04-16 00:00:00,Complaint,Unresolved
256,9859,2022-05-13 00:00:00,Inquiry,Resolved
256,3326,2022-08-10 00:00:00,Feedback,Unresolved
257,4141,2022-12-24 00:00:00,Inquiry,Resolved
258,7607,2022-07-22 00:00:00,Complaint,Unresolved
258,5207,2022-11-08 00:00:00,Feedback,Resolved
259,4771,2022-06-06 00:00:00,Feedback,Resolved
260,4118,2022-12-26 00:00:00,Inquiry,Resolved
261,2095,2022-05-30 00:00:00,Complaint,Unresolved
262,8719,2022-04-18 00:00:00,Feedback,Unresolved
262,8652,2022-03-03 00:00:00,Feedback,Unresolved
263,2855,2022-05-20 00:00:00,Complaint,Resolved
263,5948,2022-07-07 00:00:00,Feedback,Resolved
264,4497,2022-03-05 00:00:00,Inquiry,Resolved
266,6179,2022-12-02 00:00:00,Inquiry,Resolved
267,4126,2022-10-04 00:00:00,Inquiry,Unresolved
269,6563,2022-01-09 00:00:00,Feedback,Unresolved
269,7076,2022-05-19 00:00:00,Feedback,Resolved
270,6095,2022-03-16 00:00:00,Inquiry,Unresolved
272,3826,2022-08-30 00:00:00,Inquiry,Unresolved
272,3874,2022-12-18 00:00:00,Feedback,Unresolved
274,4097,2022-06-08 00:00:00,Feedback,Unresolved
275,9437,2022-05-17 00:00:00,Feedback,Resolved
275,5075,2022-05-30 00:00:00,Inquiry,Unresolved
278,8392,2022-08-06 00:00:00,Feedback,Unresolved
279,7906,2022-04-13 00:00:00,Inquiry,Resolved
280,2395,2022-06-11 00:00:00,Complaint,Unresolved
280,5931,2022-04-10 00:00:00,Inquiry,Resolved
281,7303,2022-07-23 00:00:00,Inquiry,Resolved
282,2597,2022-10-25 00:00:00,Feedback,Resolved
286,2434,2022-06-13 00:00:00,Feedback,Unresolved
286,2892,2022-10-16 00:00:00,Feedback,Resolved
287,5233,2022-12-04 00:00:00,Inquiry,Unresolved
287,2311,2022-11-21 00:00:00,Inquiry,Resolved
288,7766,2022-10-25 00:00:00,Inquiry,Unresolved
288,5671,2022-11-17 00:00:00,Complaint,Unresolved
290,7709,2022-12-21 00:00:00,Inquiry,Unresolved
291,7408,2022-08-18 00:00:00,Complaint,Unresolved
291,5353,2022-07-26 00:00:00,Feedback,Unresolved
292,6429,2022-04-27 00:00:00,Feedback,Resolved
292,5561,2022-02-03 00:00:00,Feedback,Unresolved
294,2629,2022-09-08 00:00:00,Inquiry,Resolved
296,5678,2022-03-27 00:00:00,Inquiry,Unresolved
298,2358,2022-11-07 00:00:00,Feedback,Unresolved
299,5712,2022-01-05 00:00:00,Inquiry,Unresolved
299,5815,2022-06-03 00:00:00,Inquiry,Resolved
300,4714,2022-11-03 00:00:00,Inquiry,Resolved
300,5532,2022-01-04 00:00:00,Feedback,Resolved
301,2266,2022-09-30 00:00:00,Inquiry,Resolved
302,6461,2022-09-29 00:00:00,Inquiry,Resolved
302,9384,2022-07-20 00:00:00,Feedback,Resolved
303,8478,2022-08-23 00:00:00,Complaint,Resolved
304,3277,2022-12-08 00:00:00,Inquiry,Unresolved
307,2741,2022-03-16 00:00:00,Complaint,Resolved
309,5334,2022-12-28 00:00:00,Inquiry,Resolved
311,3327,2022-06-07 00:00:00,Complaint,Resolved
311,4203,2022-03-10 00:00:00,Complaint,Resolved
312,3419,2022-03-22 00:00:00,Inquiry,Unresolved
312,9812,2022-02-19 00:00:00,Feedback,Unresolved
314,5164,2022-08-03 00:00:00,Inquiry,Unresolved
315,5259,2022-01-17 00:00:00,Complaint,Unresolved
317,3746,2022-05-21 00:00:00,Complaint,Unresolved
317,7897,2022-02-04 00:00:00,Complaint,Unresolved
320,6249,2022-02-28 00:00:00,Complaint,Unresolved
320,7068,2022-01-13 00:00:00,Feedback,Resolved
321,9079,2022-11-27 00:00:00,Feedback,Resolved
321,9577,2022-05-03 00:00:00,Complaint,Unresolved
322,9344,2022-10-21 00:00:00,Inquiry,Unresolved
322,2506,2022-05-03 00:00:00,Feedback,Unresolved
323,2015,2022-05-07 00:00:00,Inquiry,Resolved
324,8475,2022-08-24 00:00:00,Complaint,Unresolved
324,7557,2022-08-19 00:00:00,Complaint,Unresolved
325,9741,2022-10-21 00:00:00,Complaint,Unresolved
325,3862,2022-11-23 00:00:00,Complaint,Unresolved
327,8486,2022-10-01 00:00:00,Complaint,Unresolved
327,2576,2022-12-30 00:00:00,Inquiry,Resolved
329,7246,2022-06-23 00:00:00,Feedback,Unresolved
331,5382,2022-11-22 00:00:00,Feedback,Resolved
331,7952,2022-05-04 00:00:00,Complaint,Unresolved
333,6784,2022-09-19 00:00:00,Inquiry,Unresolved
333,6333,2022-12-18 00:00:00,Complaint,Resolved
334,5023,2022-06-10 00:00:00,Complaint,Resolved
335,3650,2022-10-16 00:00:00,Feedback,Resolved
335,7851,2022-04-15 00:00:00,Feedback,Resolved
339,5501,2022-03-14 00:00:00,Feedback,Resolved
340,5117,2022-02-10 00:00:00,Complaint,Unresolved
341,9660,2022-05-26 00:00:00,Feedback,Resolved
342,2386,2022-12-11 00:00:00,Feedback,Resolved
343,8590,2022-12-27 00:00:00,Feedback,Resolved
343,6548,2022-10-03 00:00:00,Inquiry,Resolved
344,3559,2022-04-08 00:00:00,Feedback,Unresolved
344,9597,2022-01-15 00:00:00,Complaint,Resolved
345,8555,2022-08-04 00:00:00,Inquiry,Resolved
346,4677,2022-01-08 00:00:00,Inquiry,Unresolved
347,5378,2022-11-20 00:00:00,Feedback,Resolved
347,6774,2022-07-06 00:00:00,Complaint,Unresolved
348,5576,2022-03-10 00:00:00,Complaint,Resolved
349,7231,2022-06-13 00:00:00,Complaint,Resolved
349,7967,2022-03-30 00:00:00,Complaint,Resolved
350,5879,2022-06-09 00:00:00,Complaint,Unresolved
351,6806,2022-02-21 00:00:00,Complaint,Unresolved
352,7810,2022-12-06 00:00:00,Complaint,Unresolved
352,5410,2022-05-29 00:00:00,Complaint,Resolved
353,6440,2022-10-19 00:00:00,Inquiry,Resolved
353,3478,2022-10-04 00:00:00,Feedback,Unresolved
354,9560,2022-07-27 00:00:00,Feedback,Unresolved
355,4778,2022-05-11 00:00:00,Complaint,Unresolved
355,9573,2022-10-28 00:00:00,Inquiry,Resolved
357,3672,2022-08-12 00:00:00,Feedback,Unresolved
357,8196,2022-03-25 00:00:00,Inquiry,Resolved
358,4833,2022-10-19 00:00:00,Complaint,Unresolved
359,7631,2022-05-12 00:00:00,Complaint,Resolved
360,2804,2022-10-25 00:00:00,Complaint,Resolved
360,6791,2022-05-03 00:00:00,Feedback,Resolved
362,4502,2022-03-26 00:00:00,Feedback,Resolved
362,7247,2022-06-02 00:00:00,Complaint,Unresolved
363,7585,2022-02-01 00:00:00,Complaint,Resolved
364,7768,2022-05-15 00:00:00,Inquiry,Resolved
364,4540,2022-05-25 00:00:00,Inquiry,Resolved
365,7671,2022-06-20 00:00:00,Feedback,Resolved
367,2097,2022-05-03 00:00:00,Complaint,Unresolved
369,3852,2022-12-26 00:00:00,Inquiry,Unresolved
370,4911,2022-08-18 00:00:00,Inquiry,Unresolved
370,8316,2022-09-25 00:00:00,Feedback,Resolved
371,6736,2022-12-21 00:00:00,Feedback,Resolved
371,3293,2022-08-05 00:00:00,Feedback,Resolved
372,3139,2022-05-05 00:00:00,Complaint,Unresolved
372,8478,2022-11-16 00:00:00,Feedback,Resolved
373,3105,2022-02-18 00:00:00,Complaint,Unresolved
375,8463,2022-05-01 00:00:00,Feedback,Unresolved
376,7693,2022-06-05 00:00:00,Complaint,Resolved
377,8185,2022-05-27 00:00:00,Inquiry,Resolved
377,9108,2022-04-08 00:00:00,Feedback,Unresolved
378,3932,2022-08-03 00:00:00,Feedback,Resolved
378,3229,2022-09-07 00:00:00,Complaint,Unresolved
379,2320,2022-10-07 00:00:00,Complaint,Resolved
381,2284,2022-02-22 00:00:00,Inquiry,Resolved
382,8983,2022-11-17 00:00:00,Inquiry,Resolved
383,8154,2022-04-27 00:00:00,Feedback,Unresolved
383,8909,2022-01-13 00:00:00,Complaint,Resolved
384,9069,2022-11-17 00:00:00,Complaint,Resolved
384,4358,2022-09-22 00:00:00,Inquiry,Unresolved
386,6960,2022-03-30 00:00:00,Inquiry,Resolved
387,3670,2022-10-21 00:00:00,Complaint,Unresolved
387,9836,2022-12-02 00:00:00,Inquiry,Unresolved
392,5533,2022-06-24 00:00:00,Inquiry,Resolved
393,8690,2022-01-24 00:00:00,Inquiry,Resolved
394,3588,2022-07-27 00:00:00,Complaint,Resolved
394,2120,2022-07-29 00:00:00,Feedback,Unresolved
395,4279,2022-08-29 00:00:00,Complaint,Unresolved
395,9135,2022-07-29 00:00:00,Feedback,Resolved
396,9338,2022-05-24 00:00:00,Complaint,Unresolved
396,4467,2022-04-27 00:00:00,Complaint,Unresolved
398,4824,2022-09-22 00:00:00,Feedback,Resolved
399,8011,2022-08-04 00:00:00,Inquiry,Resolved
401,3656,2022-11-02 00:00:00,Complaint,Unresolved
401,7643,2022-06-16 00:00:00,Feedback,Resolved
402,9845,2022-04-14 00:00:00,Feedback,Unresolved
402,4229,2022-01-09 00:00:00,Inquiry,Resolved
403,5573,2022-07-11 00:00:00,Complaint,Resolved
403,8472,2022-09-14 00:00:00,Feedback,Resolved
404,8638,2022-01-27 00:00:00,Complaint,Resolved
406,5124,2022-09-25 00:00:00,Complaint,Resolved
406,4408,2022-08-07 00:00:00,Complaint,Unresolved
407,2404,2022-03-21 00:00:00,Complaint,Unresolved
408,3995,2022-05-21 00:00:00,Complaint,Resolved
408,7472,2022-09-25 00:00:00,Feedback,Unresolved
409,2201,2022-10-28 00:00:00,Feedback,Unresolved
410,2885,2022-09-26 00:00:00,Inquiry,Unresolved
413,5199,2022-09-09 00:00:00,Feedback,Unresolved
413,8569,2022-04-26 00:00:00,Inquiry,Unresolved
414,2806,2022-07-07 00:00:00,Feedback,Resolved
415,9389,2022-02-09 00:00:00,Inquiry,Resolved
416,9261,2022-03-27 00:00:00,Feedback,Unresolved
416,3637,2022-04-27 00:00:00,Complaint,Unresolved
418,4429,2022-10-05 00:00:00,Complaint,Unresolved
418,2526,2022-10-07 00:00:00,Inquiry,Resolved
420,3562,2022-08-07 00:00:00,Feedback,Resolved
420,5088,2022-03-01 00:00:00,Complaint,Resolved
421,9834,2022-05-09 00:00:00,Complaint,Unresolved
422,7292,2022-02-06 00:00:00,Feedback,Resolved
424,5959,2022-06-16 00:00:00,Inquiry,Unresolved
425,2839,2022-11-25 00:00:00,Inquiry,Unresolved
425,5125,2022-03-17 00:00:00,Complaint,Resolved
427,5742,2022-08-11 00:00:00,Feedback,Resolved
427,5976,2022-12-14 00:00:00,Inquiry,Resolved
428,7938,2022-07-01 00:00:00,Complaint,Resolved
428,6475,2022-09-06 00:00:00,Feedback,Unresolved
429,2495,2022-07-08 00:00:00,Complaint,Resolved
429,6681,2022-10-23 00:00:00,Complaint,Unresolved
430,6121,2022-05-04 00:00:00,Feedback,Unresolved
430,5818,2022-12-14 00:00:00,Inquiry,Resolved
431,7448,2022-04-24 00:00:00,Feedback,Resolved
434,8928,2022-09-30 00:00:00,Feedback,Unresolved
434,2443,2022-03-04 00:00:00,Feedback,Resolved
435,6415,2022-07-18 00:00:00,Complaint,Resolved
436,8612,2022-06-03 00:00:00,Feedback,Unresolved
436,4743,2022-12-03 00:00:00,Feedback,Resolved
438,4169,2022-04-09 00:00:00,Complaint,Resolved
439,6532,2022-02-20 00:00:00,Inquiry,Unresolved
439,3217,2022-06-28 00:00:00,Complaint,Unresolved
440,2148,2022-10-27 00:00:00,Feedback,Unresolved
440,7332,2022-05-06 00:00:00,Inquiry,Resolved
441,3982,2022-11-19 00:00:00,Complaint,Unresolved
442,3301,2022-10-22 00:00:00,Inquiry,Resolved
445,4379,2022-07-27 00:00:00,Feedback,Unresolved
445,4651,2022-12-24 00:00:00,Inquiry,Resolved
446,5002,2022-04-19 00:00:00,Inquiry,Unresolved
446,2978,2022-11-23 00:00:00,Feedback,Resolved
449,3695,2022-04-22 00:00:00,Inquiry,Unresolved
449,9352,2022-05-21 00:00:00,Complaint,Unresolved
451,4274,2022-10-11 00:00:00,Inquiry,Resolved
451,6835,2022-07-27 00:00:00,Complaint,Unresolved
452,5051,2022-06-18 00:00:00,Complaint,Unresolved
455,5487,2022-04-17 00:00:00,Complaint,Resolved
455,6405,2022-07-30 00:00:00,Feedback,Resolved
456,7578,2022-03-20 00:00:00,Complaint,Unresolved
457,8082,2022-03-20 00:00:00,Complaint,Unresolved
457,8393,2022-08-07 00:00:00,Feedback,Unresolved
459,5612,2022-04-24 00:00:00,Feedback,Unresolved
460,5935,2022-07-29 00:00:00,Feedback,Unresolved
460,4460,2022-01-14 00:00:00,Feedback,Unresolved
461,5072,2022-01-24 00:00:00,Feedback,Unresolved
461,7025,2022-07-23 00:00:00,Inquiry,Unresolved
467,8339,2022-04-18 00:00:00,Feedback,Resolved
469,5480,2022-07-01 00:00:00,Inquiry,Unresolved
469,8670,2022-02-02 00:00:00,Inquiry,Unresolved
470,5084,2022-03-19 00:00:00,Feedback,Unresolved
471,2239,2022-06-26 00:00:00,Complaint,Resolved
471,8210,2022-01-19 00:00:00,Inquiry,Unresolved
474,9812,2022-08-08 00:00:00,Inquiry,Unresolved
474,5957,2022-06-15 00:00:00,Complaint,Resolved
475,7829,2022-06-29 00:00:00,Complaint,Resolved
476,6004,2022-10-17 00:00:00,Inquiry,Resolved
479,6276,2022-09-15 00:00:00,Feedback,Unresolved
479,6397,2022-06-21 00:00:00,Feedback,Resolved
480,7765,2022-01-10 00:00:00,Feedback,Unresolved
481,7498,2022-04-21 00:00:00,Inquiry,Resolved
482,7122,2022-03-14 00:00:00,Feedback,Resolved
482,6860,2022-01-30 00:00:00,Feedback,Resolved
483,6304,2022-11-07 00:00:00,Feedback,Unresolved
485,5926,2022-11-14 00:00:00,Inquiry,Resolved
486,5106,2022-02-12 00:00:00,Complaint,Resolved
486,3186,2022-08-03 00:00:00,Feedback,Unresolved
487,8273,2022-11-08 00:00:00,Inquiry,Resolved
487,4133,2022-09-27 00:00:00,Inquiry,Unresolved
490,2626,2022-09-07 00:00:00,Feedback,Resolved
490,4818,2022-02-20 00:00:00,Feedback,Unresolved
491,5013,2022-12-28 00:00:00,Inquiry,Resolved
494,8620,2022-11-07 00:00:00,Complaint,Resolved
495,6442,2022-04-21 00:00:00,Inquiry,Unresolved
496,7695,2022-01-27 00:00:00,Feedback,Resolved
497,2728,2022-04-07 00:00:00,Complaint,Unresolved
497,2692,2022-05-28 00:00:00,Complaint,Unresolved
499,5421,2022-01-07 00:00:00,Complaint,Resolved
502,7102,2022-02-02 00:00:00,Feedback,Unresolved
502,7055,2022-04-03 00:00:00,Complaint,Unresolved
504,7995,2022-06-06 00:00:00,Feedback,Unresolved
505,8923,2022-05-14 00:00:00,Complaint,Unresolved
505,5618,2022-03-19 00:00:00,Complaint,Resolved
506,4409,2022-01-26 00:00:00,Inquiry,Unresolved
506,4112,2022-05-18 00:00:00,Complaint,Unresolved
507,6898,2022-09-18 00:00:00,Complaint,Unresolved
507,9915,2022-11-26 00:00:00,Inquiry,Resolved
509,2491,2022-08-20 00:00:00,Inquiry,Unresolved
510,3705,2022-10-24 00:00:00,Complaint,Unresolved
511,2700,2022-01-06 00:00:00,Complaint,Resolved
518,2149,2022-04-30 00:00:00,Feedback,Unresolved
518,3793,2022-04-23 00:00:00,Inquiry,Resolved
519,2916,2022-07-10 00:00:00,Complaint,Unresolved
519,8746,2022-06-01 00:00:00,Complaint,Resolved
520,7731,2022-08-28 00:00:00,Inquiry,Resolved
520,4466,2022-06-05 00:00:00,Complaint,Resolved
521,5602,2022-05-18 00:00:00,Complaint,Unresolved
521,4994,2022-01-31 00:00:00,Feedback,Resolved
522,2189,2022-09-11 00:00:00,Feedback,Unresolved
522,3818,2022-09-03 00:00:00,Feedback,Resolved
524,4443,2022-08-09 00:00:00,Feedback,Unresolved
525,2423,2022-11-24 00:00:00,Inquiry,Unresolved
526,2443,2022-03-21 00:00:00,Feedback,Resolved
528,8260,2022-12-12 00:00:00,Feedback,Resolved
529,2273,2022-01-13 00:00:00,Feedback,Unresolved
531,2578,2022-09-11 00:00:00,Complaint,Unresolved
532,6450,2022-01-21 00:00:00,Complaint,Unresolved
532,9783,2022-08-01 00:00:00,Feedback,Resolved
533,7789,2022-01-16 00:00:00,Feedback,Unresolved
534,3290,2022-09-19 00:00:00,Complaint,Unresolved
534,4173,2022-11-12 00:00:00,Inquiry,Unresolved
536,5834,2022-07-20 00:00:00,Feedback,Unresolved
538,7752,2022-02-07 00:00:00,Inquiry,Resolved
538,7777,2022-12-19 00:00:00,Feedback,Unresolved
539,3095,2022-08-02 00:00:00,Inquiry,Resolved
539,8689,2022-09-17 00:00:00,Feedback,Unresolved
540,4948,2022-07-10 00:00:00,Feedback,Unresolved
541,6687,2022-01-01 00:00:00,Complaint,Resolved
541,7564,2022-09-02 00:00:00,Complaint,Unresolved
543,7122,2022-02-06 00:00:00,Complaint,Unresolved
544,6882,2022-06-04 00:00:00,Complaint,Unresolved
545,4983,2022-08-12 00:00:00,Inquiry,Resolved
545,7682,2022-09-07 00:00:00,Complaint,Resolved
546,3594,2022-09-04 00:00:00,Complaint,Resolved
546,9554,2022-08-19 00:00:00,Complaint,Resolved
550,7189,2022-12-22 00:00:00,Complaint,Unresolved
550,7293,2022-12-04 00:00:00,Inquiry,Resolved
551,4572,2022-06-30 00:00:00,Feedback,Unresolved
551,3549,2022-01-03 00:00:00,Complaint,Unresolved
554,5241,2022-03-30 00:00:00,Feedback,Resolved
556,2434,2022-11-01 00:00:00,Feedback,Resolved
557,4107,2022-12-23 00:00:00,Feedback,Resolved
557,8568,2022-05-13 00:00:00,Feedback,Unresolved
559,4076,2022-01-19 00:00:00,Complaint,Unresolved
561,3871,2022-04-21 00:00:00,Feedback,Resolved
565,7222,2022-10-29 00:00:00,Inquiry,Resolved
565,6539,2022-06-04 00:00:00,Inquiry,Unresolved
568,5265,2022-07-11 00:00:00,Feedback,Resolved
569,2621,2022-10-21 00:00:00,Complaint,Resolved
570,5938,2022-08-24 00:00:00,Complaint,Resolved
570,6866,2022-10-30 00:00:00,Feedback,Unresolved
571,9434,2022-03-14 00:00:00,Feedback,Unresolved
574,5071,2022-09-30 00:00:00,Feedback,Resolved
575,4840,2022-08-06 00:00:00,Complaint,Unresolved
575,4781,2022-09-14 00:00:00,Inquiry,Resolved
576,7290,2022-08-30 00:00:00,Feedback,Unresolved
576,8905,2022-06-05 00:00:00,Feedback,Unresolved
577,9871,2022-07-21 00:00:00,Feedback,Unresolved
578,4200,2022-09-21 00:00:00,Complaint,Resolved
580,7410,2022-12-02 00:00:00,Complaint,Resolved
580,7990,2022-06-18 00:00:00,Feedback,Unresolved
581,5828,2022-07-24 00:00:00,Complaint,Unresolved
584,3771,2022-06-18 00:00:00,Complaint,Unresolved
584,6303,2022-03-23 00:00:00,Feedback,Resolved
585,3755,2022-04-23 00:00:00,Feedback,Resolved
585,5185,2022-07-13 00:00:00,Inquiry,Resolved
586,5573,2022-03-12 00:00:00,Feedback,Unresolved
587,9373,2022-12-18 00:00:00,Inquiry,Resolved
588,3755,2022-06-11 00:00:00,Inquiry,Unresolved
588,5610,2022-02-05 00:00:00,Complaint,Resolved
589,7400,2022-07-07 00:00:00,Inquiry,Resolved
589,2766,2022-11-19 00:00:00,Complaint,Unresolved
591,5771,2022-08-27 00:00:00,Complaint,Unresolved
591,9965,2022-08-09 00:00:00,Feedback,Resolved
593,9640,2022-09-15 00:00:00,Feedback,Resolved
594,2659,2022-12-25 00:00:00,Inquiry,Unresolved
594,5885,2022-07-15 00:00:00,Feedback,Resolved
595,3529,2022-10-26 00:00:00,Feedback,Resolved
597,3569,2022-07-21 00:00:00,Feedback,Unresolved
599,3069,2022-05-27 00:00:00,Complaint,Resolved
599,8546,2022-11-08 00:00:00,Feedback,Resolved
600,9133,2022-05-05 00:00:00,Inquiry,Unresolved
601,5900,2022-04-15 00:00:00,Complaint,Unresolved
601,4936,2022-04-08 00:00:00,Feedback,Resolved
604,2500,2022-07-26 00:00:00,Feedback,Unresolved
604,9490,2022-09-22 00:00:00,Complaint,Resolved
607,3008,2022-11-16 00:00:00,Complaint,Unresolved
608,9095,2022-09-05 00:00:00,Complaint,Unresolved
609,3413,2022-08-13 00:00:00,Complaint,Resolved
609,8430,2022-07-31 00:00:00,Complaint,Unresolved
611,4253,2022-06-27 00:00:00,Complaint,Unresolved
612,7649,2022-08-13 00:00:00,Complaint,Resolved
612,8635,2022-03-13 00:00:00,Feedback,Resolved
614,5713,2022-11-15 00:00:00,Feedback,Resolved
615,4946,2022-08-12 00:00:00,Feedback,Unresolved
615,4953,2022-02-05 00:00:00,Feedback,Resolved
616,7286,2022-08-19 00:00:00,Feedback,Unresolved
618,6394,2022-02-19 00:00:00,Feedback,Resolved
618,3744,2022-05-14 00:00:00,Inquiry,Resolved
619,8300,2022-11-25 00:00:00,Feedback,Unresolved
620,4639,2022-02-27 00:00:00,Complaint,Unresolved
621,7124,2022-07-28 00:00:00,Feedback,Resolved
622,3499,2022-06-27 00:00:00,Inquiry,Unresolved
623,8892,2022-11-07 00:00:00,Inquiry,Unresolved
623,9322,2022-11-19 00:00:00,Inquiry,Unresolved
627,2781,2022-07-11 00:00:00,Feedback,Resolved
628,5082,2022-11-26 00:00:00,Inquiry,Resolved
629,5994,2022-09-10 00:00:00,Feedback,Unresolved
629,8485,2022-06-13 00:00:00,Feedback,Resolved
630,2189,2022-03-10 00:00:00,Inquiry,Unresolved
631,5580,2022-11-13 00:00:00,Complaint,Resolved
631,3859,2022-09-07 00:00:00,Inquiry,Unresolved
632,3926,2022-02-07 00:00:00,Inquiry,Unresolved
633,7129,2022-07-22 00:00:00,Feedback,Unresolved
633,7586,2022-03-27 00:00:00,Feedback,Unresolved
634,7201,2022-11-16 00:00:00,Inquiry,Unresolved
634,3313,2022-06-10 00:00:00,Complaint,Unresolved
635,7206,2022-03-17 00:00:00,Feedback,Unresolved
636,2232,2022-07-26 00:00:00,Inquiry,Unresolved
636,4877,2022-12-19 00:00:00,Inquiry,Resolved
637,5106,2022-07-07 00:00:00,Feedback,Resolved
639,7665,2022-09-24 00:00:00,Inquiry,Unresolved
640,4479,2022-08-30 00:00:00,Feedback,Unresolved
640,4658,2022-07-14 00:00:00,Complaint,Resolved
641,9844,2022-03-04 00:00:00,Inquiry,Unresolved
641,9401,2022-02-28 00:00:00,Complaint,Resolved
642,5196,2022-10-18 00:00:00,Complaint,Unresolved
644,7641,2022-06-12 00:00:00,Feedback,Resolved
645,9947,2022-09-11 00:00:00,Feedback,Resolved
645,5790,2022-10-18 00:00:00,Feedback,Unresolved
647,4825,2022-06-24 00:00:00,Feedback,Resolved
647,9103,2022-05-10 00:00:00,Complaint,Unresolved
648,9361,2022-03-09 00:00:00,Feedback,Resolved
649,4008,2022-09-17 00:00:00,Inquiry,Unresolved
650,6566,2022-09-15 00:00:00,Complaint,Resolved
652,8374,2022-03-18 00:00:00,Complaint,Unresolved
652,2102,2022-06-15 00:00:00,Feedback,Unresolved
653,2421,2022-12-04 00:00:00,Feedback,Resolved
654,2551,2022-03-14 00:00:00,Inquiry,Resolved
655,2280,2022-06-11 00:00:00,Inquiry,Unresolved
655,9611,2022-12-16 00:00:00,Complaint,Unresolved
657,4494,2022-09-01 00:00:00,Feedback,Resolved
658,5199,2022-02-07 00:00:00,Feedback,Unresolved
659,9789,2022-05-13 00:00:00,Complaint,Unresolved
659,4430,2022-08-16 00:00:00,Feedback,Resolved
660,7821,2022-04-24 00:00:00,Complaint,Resolved
660,9411,2022-08-25 00:00:00,Feedback,Unresolved
663,7239,2022-02-23 00:00:00,Complaint,Unresolved
664,5133,2022-10-29 00:00:00,Complaint,Unresolved
665,8699,2022-12-30 00:00:00,Complaint,Unresolved
667,8809,2022-03-08 00:00:00,Inquiry,Resolved
668,9203,2022-12-15 00:00:00,Feedback,Unresolved
669,6673,2022-02-07 00:00:00,Complaint,Unresolved
669,5134,2022-12-20 00:00:00,Inquiry,Resolved
671,6616,2022-10-22 00:00:00,Complaint,Resolved
672,5070,2022-06-25 00:00:00,Feedback,Resolved
672,4167,2022-02-05 00:00:00,Feedback,Resolved
673,9433,2022-03-31 00:00:00,Feedback,Resolved
673,3478,2022-03-17 00:00:00,Complaint,Resolved
674,8560,2022-02-23 00:00:00,Feedback,Resolved
674,5011,2022-03-20 00:00:00,Complaint,Unresolved
675,9377,2022-07-21 00:00:00,Inquiry,Resolved
675,2155,2022-06-06 00:00:00,Inquiry,Resolved
677,9685,2022-08-12 00:00:00,Complaint,Unresolved
677,9351,2022-07-18 00:00:00,Complaint,Resolved
678,2293,2022-10-09 00:00:00,Complaint,Resolved
679,4394,2022-07-20 00:00:00,Inquiry,Unresolved
679,7667,2022-02-27 00:00:00,Inquiry,Resolved
682,9620,2022-08-16 00:00:00,Feedback,Resolved
683,5775,2022-06-14 00:00:00,Inquiry,Unresolved
683,6361,2022-02-20 00:00:00,Inquiry,Resolved
684,7578,2022-01-21 00:00:00,Inquiry,Resolved
687,8550,2022-01-16 00:00:00,Feedback,Resolved
688,8931,2022-12-03 00:00:00,Feedback,Unresolved
688,7860,2022-12-01 00:00:00,Feedback,Resolved
693,3751,2022-07-07 00:00:00,Complaint,Resolved
695,2906,2022-04-19 00:00:00,Feedback,Resolved
695,8308,2022-01-24 00:00:00,Feedback,Unresolved
696,4735,2022-10-19 00:00:00,Complaint,Unresolved
700,5884,2022-03-03 00:00:00,Feedback,Unresolved
700,8574,2022-02-03 00:00:00,Feedback,Resolved
703,3912,2022-07-19 00:00:00,Complaint,Resolved
703,7353,2022-06-09 00:00:00,Feedback,Resolved
705,5903,2022-10-14 00:00:00,Feedback,Unresolved
705,3747,2022-01-10 00:00:00,Feedback,Unresolved
706,4683,2022-05-23 00:00:00,Inquiry,Unresolved
707,6251,2022-02-02 00:00:00,Feedback,Unresolved
708,6576,2022-04-07 00:00:00,Inquiry,Unresolved
711,2633,2022-10-12 00:00:00,Complaint,Unresolved
712,8384,2022-06-26 00:00:00,Feedback,Resolved
712,2125,2022-02-06 00:00:00,Feedback,Resolved
713,4688,2022-02-23 00:00:00,Feedback,Resolved
715,7909,2022-10-27 00:00:00,Feedback,Unresolved
716,6224,2022-05-07 00:00:00,Feedback,Unresolved
716,9724,2022-03-20 00:00:00,Feedback,Resolved
717,2499,2022-11-15 00:00:00,Feedback,Unresolved
717,4922,2022-02-10 00:00:00,Inquiry,Unresolved
718,6162,2022-08-17 00:00:00,Inquiry,Unresolved
720,2737,2022-06-24 00:00:00,Feedback,Resolved
720,9596,2022-01-17 00:00:00,Inquiry,Unresolved
722,6144,2022-07-04 00:00:00,Feedback,Unresolved
723,8742,2022-12-07 00:00:00,Feedback,Resolved
723,7427,2022-06-14 00:00:00,Inquiry,Resolved
724,2070,2022-01-25 00:00:00,Inquiry,Unresolved
726,7109,2022-10-30 00:00:00,Complaint,Resolved
728,8721,2022-10-09 00:00:00,Complaint,Unresolved
729,3360,2022-07-23 00:00:00,Inquiry,Resolved
730,2880,2022-02-26 00:00:00,Feedback,Resolved
732,4278,2022-01-18 00:00:00,Inquiry,Unresolved
733,6266,2022-02-02 00:00:00,Inquiry,Unresolved
733,7128,2022-03-22 00:00:00,Inquiry,Unresolved
734,5166,2022-03-12 00:00:00,Complaint,Resolved
734,8059,2022-12-11 00:00:00,Inquiry,Unresolved
735,5939,2022-07-02 00:00:00,Feedback,Resolved
735,6486,2022-08-14 00:00:00,Feedback,Unresolved
736,4803,2022-08-05 00:00:00,Complaint,Unresolved
737,7378,2022-03-28 00:00:00,Inquiry,Unresolved
737,3860,2022-09-05 00:00:00,Feedback,Resolved
738,5245,2022-11-05 00:00:00,Complaint,Unresolved
738,4682,2022-08-19 00:00:00,Complaint,Unresolved
740,2817,2022-07-03 00:00:00,Complaint,Resolved
741,9748,2022-06-11 00:00:00,Complaint,Resolved
743,5698,2022-03-08 00:00:00,Feedback,Resolved
743,9217,2022-02-17 00:00:00,Complaint,Resolved
746,9027,2022-10-01 00:00:00,Inquiry,Resolved
747,2229,2022-03-09 00:00:00,Complaint,Unresolved
747,8086,2022-01-26 00:00:00,Feedback,Unresolved
749,3012,2022-02-16 00:00:00,Inquiry,Resolved
749,7159,2022-09-03 00:00:00,Complaint,Unresolved
750,3080,2022-07-29 00:00:00,Feedback,Unresolved
750,2893,2022-05-26 00:00:00,Feedback,Resolved
751,4355,2022-12-28 00:00:00,Complaint,Resolved
752,9885,2022-12-29 00:00:00,Feedback,Resolved
752,3454,2022-07-23 00:00:00,Feedback,Resolved
753,8792,2022-08-25 00:00:00,Inquiry,Unresolved
753,2849,2022-11-03 00:00:00,Complaint,Resolved
757,9257,2022-11-26 00:00:00,Feedback,Resolved
758,8305,2022-12-14 00:00:00,Inquiry,Unresolved
758,2658,2022-07-01 00:00:00,Feedback,Unresolved
759,7040,2022-05-19 00:00:00,Complaint,Resolved
760,9300,2022-03-13 00:00:00,Inquiry,Unresolved
760,3725,2022-06-17 00:00:00,Feedback,Resolved
761,7110,2022-05-14 00:00:00,Feedback,Resolved
762,5732,2022-03-09 00:00:00,Complaint,Unresolved
763,6016,2022-12-14 00:00:00,Feedback,Resolved
763,6708,2022-09-10 00:00:00,Complaint,Resolved
765,5203,2022-10-31 00:00:00,Inquiry,Resolved
766,4575,2022-09-22 00:00:00,Feedback,Resolved
766,2027,2022-02-17 00:00:00,Complaint,Resolved
769,9250,2022-01-01 00:00:00,Inquiry,Resolved
769,8596,2022-03-26 00:00:00,Complaint,Unresolved
770,2202,2022-10-17 00:00:00,Feedback,Unresolved
770,6780,2022-01-02 00:00:00,Inquiry,Unresolved
771,9943,2022-05-02 00:00:00,Complaint,Unresolved
771,3634,2022-05-22 00:00:00,Inquiry,Resolved
772,4233,2022-12-19 00:00:00,Feedback,Unresolved
772,5276,2022-06-30 00:00:00,Inquiry,Unresolved
775,8904,2022-12-09 00:00:00,Feedback,Resolved
776,2133,2022-08-30 00:00:00,Complaint,Unresolved
776,2146,2022-02-21 00:00:00,Feedback,Resolved
778,2118,2022-09-24 00:00:00,Complaint,Unresolved
778,8759,2022-12-14 00:00:00,Inquiry,Resolved
779,3327,2022-03-31 00:00:00,Inquiry,Resolved
780,8469,2022-09-11 00:00:00,Complaint,Unresolved
781,6969,2022-03-29 00:00:00,Inquiry,Resolved
782,8743,2022-07-14 00:00:00,Feedback,Unresolved
784,6927,2022-04-28 00:00:00,Feedback,Resolved
784,8967,2022-03-11 00:00:00,Feedback,Unresolved
785,2210,2022-03-24 00:00:00,Feedback,Resolved
786,5795,2022-08-04 00:00:00,Feedback,Resolved
786,7390,2022-01-09 00:00:00,Feedback,Unresolved
787,2929,2022-10-27 00:00:00,Complaint,Unresolved
787,8153,2022-09-15 00:00:00,Complaint,Resolved
789,8888,2022-07-21 00:00:00,Feedback,Resolved
789,6801,2022-05-09 00:00:00,Complaint,Resolved
790,5445,2022-08-11 00:00:00,Feedback,Resolved
791,5374,2022-03-02 00:00:00,Feedback,Resolved
791,8824,2022-11-12 00:00:00,Inquiry,Resolved
792,8455,2022-05-15 00:00:00,Inquiry,Resolved
792,9493,2022-12-20 00:00:00,Feedback,Unresolved
793,4052,2022-08-22 00:00:00,Inquiry,Resolved
794,6457,2022-05-20 00:00:00,Complaint,Resolved
794,8898,2022-04-25 00:00:00,Complaint,Resolved
795,3549,2022-11-10 00:00:00,Feedback,Resolved
797,9626,2022-01-13 00:00:00,Inquiry,Resolved
798,4603,2022-03-25 00:00:00,Feedback,Resolved
798,7499,2022-04-01 00:00:00,Feedback,Resolved
799,6098,2022-01-30 00:00:00,Feedback,Unresolved
800,5458,2022-10-02 00:00:00,Inquiry,Resolved
800,7105,2022-07-17 00:00:00,Complaint,Unresolved
802,4245,2022-02-20 00:00:00,Inquiry,Unresolved
802,9532,2022-10-15 00:00:00,Inquiry,Resolved
803,3737,2022-11-22 00:00:00,Feedback,Unresolved
804,2615,2022-10-16 00:00:00,Inquiry,Resolved
805,2153,2022-06-09 00:00:00,Complaint,Resolved
806,7775,2022-06-28 00:00:00,Complaint,Resolved
808,9002,2022-10-22 00:00:00,Feedback,Resolved
808,7272,2022-04-16 00:00:00,Feedback,Unresolved
810,9209,2022-09-05 00:00:00,Complaint,Resolved
811,7467,2022-06-21 00:00:00,Complaint,Resolved
812,3097,2022-07-13 00:00:00,Feedback,Resolved
812,7000,2022-01-19 00:00:00,Complaint,Resolved
814,6970,2022-08-31 00:00:00,Inquiry,Resolved
814,3646,2022-09-04 00:00:00,Feedback,Resolved
818,9448,2022-11-15 00:00:00,Complaint,Resolved
819,5389,2022-08-26 00:00:00,Feedback,Unresolved
821,6608,2022-05-30 00:00:00,Complaint,Resolved
822,9404,2022-01-29 00:00:00,Complaint,Unresolved
822,2637,2022-06-06 00:00:00,Inquiry,Unresolved
823,3534,2022-11-03 00:00:00,Inquiry,Resolved
826,2747,2022-05-24 00:00:00,Complaint,Unresolved
828,4664,2022-07-27 00:00:00,Feedback,Unresolved
831,6228,2022-06-28 00:00:00,Inquiry,Unresolved
833,5999,2022-04-23 00:00:00,Inquiry,Unresolved
834,8783,2022-04-21 00:00:00,Inquiry,Unresolved
835,3563,2022-11-21 00:00:00,Complaint,Resolved
836,3149,2022-09-20 00:00:00,Feedback,Resolved
836,8648,2022-09-18 00:00:00,Complaint,Resolved
838,2233,2022-08-26 00:00:00,Complaint,Resolved
838,5610,2022-10-21 00:00:00,Feedback,Unresolved
840,7971,2022-01-24 00:00:00,Complaint,Resolved
841,8385,2022-04-11 00:00:00,Feedback,Unresolved
842,2385,2022-08-05 00:00:00,Complaint,Resolved
843,2620,2022-12-26 00:00:00,Complaint,Resolved
847,9892,2022-02-10 00:00:00,Inquiry,Resolved
847,8701,2022-07-17 00:00:00,Complaint,Resolved
848,2963,2022-09-04 00:00:00,Inquiry,Resolved
848,2801,2022-07-07 00:00:00,Feedback,Unresolved
849,3736,2022-05-27 00:00:00,Inquiry,Resolved
849,7106,2022-10-16 00:00:00,Complaint,Unresolved
851,2973,2022-11-09 00:00:00,Inquiry,Resolved
852,8533,2022-07-15 00:00:00,Complaint,Unresolved
853,3630,2022-05-30 00:00:00,Complaint,Unresolved
854,7837,2022-01-28 00:00:00,Inquiry,Unresolved
854,8748,2022-11-29 00:00:00,Inquiry,Resolved
855,5267,2022-12-13 00:00:00,Feedback,Unresolved
855,2045,2022-02-25 00:00:00,Feedback,Resolved
857,4166,2022-06-02 00:00:00,Feedback,Resolved
858,4452,2022-08-07 00:00:00,Inquiry,Resolved
858,9156,2022-07-22 00:00:00,Complaint,Resolved
860,2688,2022-02-17 00:00:00,Feedback,Unresolved
860,9335,2022-04-05 00:00:00,Feedback,Resolved
861,5632,2022-05-14 00:00:00,Inquiry,Resolved
863,4780,2022-06-29 00:00:00,Inquiry,Resolved
863,2121,2022-04-20 00:00:00,Inquiry,Unresolved
865,5509,2022-10-21 00:00:00,Inquiry,Unresolved
869,5240,2022-06-09 00:00:00,Feedback,Unresolved
869,9934,2022-08-10 00:00:00,Complaint,Resolved
870,4478,2022-11-29 00:00:00,Inquiry,Unresolved
871,2460,2022-07-16 00:00:00,Inquiry,Resolved
871,7926,2022-03-21 00:00:00,Complaint,Unresolved
874,8867,2022-06-01 00:00:00,Inquiry,Resolved
874,9220,2022-10-02 00:00:00,Feedback,Resolved
876,9818,2022-10-08 00:00:00,Inquiry,Resolved
879,9659,2022-09-15 00:00:00,Feedback,Resolved
880,8438,2022-06-05 00:00:00,Feedback,Resolved
880,6694,2022-07-06 00:00:00,Feedback,Resolved
881,2704,2022-09-30 00:00:00,Complaint,Resolved
881,5423,2022-04-10 00:00:00,Inquiry,Unresolved
883,9222,2022-05-03 00:00:00,Inquiry,Unresolved
883,4689,2022-01-25 00:00:00,Complaint,Unresolved
884,6009,2022-07-02 00:00:00,Feedback,Unresolved
885,2490,2022-10-04 00:00:00,Feedback,Unresolved
885,2307,2022-03-25 00:00:00,Feedback,Resolved
886,3001,2022-04-08 00:00:00,Complaint,Resolved
887,3277,2022-01-27 00:00:00,Feedback,Unresolved
887,3163,2022-05-04 00:00:00,Complaint,Resolved
888,6698,2022-01-30 00:00:00,Inquiry,Unresolved
890,3724,2022-10-07 00:00:00,Feedback,Resolved
890,2150,2022-12-22 00:00:00,Inquiry,Resolved
891,7464,2022-05-29 00:00:00,Feedback,Unresolved
891,4858,2022-12-08 00:00:00,Inquiry,Unresolved
892,3101,2022-04-24 00:00:00,Feedback,Unresolved
893,5741,2022-06-21 00:00:00,Inquiry,Unresolved
893,9491,2022-10-09 00:00:00,Complaint,Resolved
894,4284,2022-06-25 00:00:00,Feedback,Unresolved
894,4632,2022-01-31 00:00:00,Feedback,Resolved
896,5659,2022-10-12 00:00:00,Feedback,Resolved
897,8214,2022-10-05 00:00:00,Complaint,Unresolved
897,6097,2022-12-17 00:00:00,Inquiry,Unresolved
898,7376,2022-08-25 00:00:00,Feedback,Unresolved
899,6308,2022-07-05 00:00:00,Feedback,Unresolved
900,4285,2022-09-28 00:00:00,Inquiry,Resolved
902,6830,2022-09-15 00:00:00,Feedback,Unresolved
902,3061,2022-02-04 00:00:00,Feedback,Resolved
903,3283,2022-08-02 00:00:00,Complaint,Resolved
904,8006,2022-06-02 00:00:00,Complaint,Resolved
905,3607,2022-06-17 00:00:00,Inquiry,Unresolved
908,2066,2022-06-20 00:00:00,Complaint,Unresolved
908,3993,2022-05-26 00:00:00,Inquiry,Resolved
912,6737,2022-11-11 00:00:00,Complaint,Unresolved
913,5830,2022-08-24 00:00:00,Inquiry,Resolved
913,4643,2022-10-20 00:00:00,Feedback,Resolved
914,4146,2022-03-02 00:00:00,Feedback,Resolved
914,5122,2022-07-09 00:00:00,Complaint,Unresolved
917,5819,2022-06-17 00:00:00,Feedback,Resolved
920,5917,2022-02-06 00:00:00,Feedback,Unresolved
921,6843,2022-07-20 00:00:00,Inquiry,Unresolved
922,5346,2022-07-02 00:00:00,Complaint,Unresolved
923,6201,2022-12-10 00:00:00,Feedback,Unresolved
923,9997,2022-01-06 00:00:00,Inquiry,Unresolved
924,2912,2022-10-02 00:00:00,Inquiry,Unresolved
928,7161,2022-12-05 00:00:00,Feedback,Unresolved
928,9824,2022-05-19 00:00:00,Inquiry,Resolved
931,4160,2022-07-15 00:00:00,Inquiry,Unresolved
932,5632,2022-06-04 00:00:00,Inquiry,Resolved
933,7914,2022-05-02 00:00:00,Complaint,Unresolved
933,5537,2022-03-23 00:00:00,Feedback,Resolved
934,2447,2022-02-24 00:00:00,Feedback,Resolved
935,6382,2022-04-10 00:00:00,Feedback,Resolved
935,6899,2022-03-23 00:00:00,Feedback,Resolved
937,4270,2022-10-04 00:00:00,Feedback,Resolved
937,2964,2022-04-27 00:00:00,Complaint,Unresolved
938,4628,2022-11-17 00:00:00,Inquiry,Unresolved
940,6895,2022-02-26 00:00:00,Complaint,Resolved
940,6880,2022-09-09 00:00:00,Complaint,Unresolved
943,3238,2022-10-13 00:00:00,Inquiry,Resolved
944,5670,2022-02-04 00:00:00,Complaint,Unresolved
944,7012,2022-09-26 00:00:00,Complaint,Resolved
947,8827,2022-01-29 00:00:00,Feedback,Unresolved
951,3252,2022-05-19 00:00:00,Feedback,Resolved
951,4851,2022-06-21 00:00:00,Complaint,Unresolved
952,8055,2022-10-04 00:00:00,Inquiry,Unresolved
953,6632,2022-10-21 00:00:00,Feedback,Unresolved
953,3075,2022-03-04 00:00:00,Complaint,Resolved
955,6650,2022-12-23 00:00:00,Inquiry,Resolved
955,2668,2022-07-05 00:00:00,Complaint,Unresolved
958,9254,2022-04-08 00:00:00,Complaint,Unresolved
960,6001,2022-05-02 00:00:00,Feedback,Unresolved
960,5196,2022-06-18 00:00:00,Feedback,Unresolved
961,2084,2022-12-10 00:00:00,Feedback,Unresolved
961,6072,2022-10-02 00:00:00,Inquiry,Resolved
962,3863,2022-06-13 00:00:00,Feedback,Unresolved
962,8746,2022-02-12 00:00:00,Feedback,Unresolved
963,6205,2022-11-19 00:00:00,Inquiry,Resolved
963,2049,2022-06-14 00:00:00,Inquiry,Resolved
964,4334,2022-11-01 00:00:00,Feedback,Resolved
964,6316,2022-06-22 00:00:00,Inquiry,Unresolved
965,7963,2022-05-17 00:00:00,Complaint,Unresolved
968,3391,2022-12-04 00:00:00,Inquiry,Resolved
969,3938,2022-11-12 00:00:00,Complaint,Unresolved
970,7808,2022-06-28 00:00:00,Feedback,Unresolved
970,6552,2022-03-15 00:00:00,Complaint,Unresolved
977,5311,2022-03-02 00:00:00,Inquiry,Resolved
977,4224,2022-04-05 00:00:00,Complaint,Resolved
978,4336,2022-10-10 00:00:00,Complaint,Unresolved
979,4543,2022-07-24 00:00:00,Feedback,Resolved
980,2268,2022-09-07 00:00:00,Complaint,Unresolved
982,3403,2022-09-26 00:00:00,Inquiry,Resolved
983,6593,2022-11-14 00:00:00,Complaint,Resolved
983,9056,2022-05-30 00:00:00,Complaint,Unresolved
984,7632,2022-03-20 00:00:00,Complaint,Resolved
985,8890,2022-04-28 00:00:00,Feedback,Unresolved
985,9089,2022-05-11 00:00:00,Feedback,Resolved
986,9975,2022-01-01 00:00:00,Inquiry,Resolved
986,7297,2022-05-27 00:00:00,Complaint,Resolved
988,9242,2022-04-12 00:00:00,Complaint,Unresolved
988,2095,2022-02-22 00:00:00,Inquiry,Unresolved
989,3638,2022-10-07 00:00:00,Complaint,Unresolved
989,9944,2022-08-03 00:00:00,Complaint,Unresolved
990,9113,2022-09-17 00:00:00,Feedback,Resolved
990,3671,2022-10-25 00:00:00,Complaint,Unresolved
992,2114,2022-09-29 00:00:00,Feedback,Unresolved
994,3087,2022-07-02 00:00:00,Complaint,Unresolved
994,8508,2022-05-14 00:00:00,Complaint,Unresolved
995,9101,2022-05-02 00:00:00,Inquiry,Resolved
